Player,Tm,FantPos,FantPt,PPR,predictions,Age,DKPt,FDPt,Rk,PosRank,OvRank,YEAR
Patrick Mahomes,KAN,QB,371.2,371.52,294.2850956,27,389.12,381.02,1,1,1,5
Josh Jacobs,LVR,RB,204.25,244.3,174.5047959,24,251.8,224.3,12,1,2,4
Justin Jefferson,MIN,WR,216.3333333,324.4333333,170.5782246,23,327.7666667,270.4333333,18,1,5,3
Travis Kelce,KAN,TE,186.8,288.16,142.0723658,33,292.16,237.46,31,1,8,5
Christian McCaffrey,2TM,RB,213.8,286.2,171.3948432,26,292.4,250,14,2,3,5
Josh Allen,BUF,QB,338.2,338.18,271.6422668,26,360.18,350.08,2,2,7,5
Davante Adams,LVR,WR,209.8,316.1,158.0294162,30,319.5,262.9,20,2,9,5
George Kittle,SFO,TE,130.8,200.96,100.5997795,29,204.36,165.76,70,2,23,5
Derrick Henry,TEN,RB,244.4,265.04,202.7885419,28,272.24,254.74,15,3,4,5
Tyreek Hill,MIA,WR,206.6,298.98,159.3118502,28,303.38,252.78,23,3,11,5
Jalen Hurts,PHI,QB,266,266.4333333,224.5321316,24,280.7666667,272.6,3,3,12,3
Taysom Hill,NOR,TE,103.6,111.98,90.38964738,32,119.58,109.28,74,3,25,5
Austin Ekeler,LAC,RB,199.6,271.92,164.5468547,27,279.72,235.72,16,4,6,5
A.J. Brown,PHI,WR,168.25,236.275,134.829213,25,240.025,202.15,28,4,13,4
Joe Burrow,CIN,QB,279.6666667,279.5333333,233.6219184,26,298.8666667,289.8666667,4,4,17,3
T.J. Hockenson,2TM,TE,92.5,154.175,75.31641649,25,157.675,123.425,83,4,29,4
Nick Chubb,CLE,RB,207,230.82,173.4764984,27,238.02,218.92,17,5,10,5
Stefon Diggs,BUF,WR,181.4,281.82,137.2253811,29,285.42,231.52,30,5,14,5
Mark Andrews,BAL,TE,128,195.22,97.74628705,27,198.42,161.62,95,5,41,5
Geno Smith,SEA,QB,179,179.1,158.9974897,32,192.1,185.1,5,5,42,2
Saquon Barkley,NYG,RB,166.2,215.58,133.7846555,25,220.58,190.88,24,6,15,5
CeeDee Lamb,DAL,WR,164.3333333,250.7,133.1302154,23,254.0333333,207.3666667,37,6,16,3
Justin Fields,CHI,QB,211.5,211.4,185.8123367,23,231.4,221.9,6,6,45,2
Evan Engram,JAX,TE,77,131.22,59.97092174,28,134.62,104.12,115,6,51,5
Jamaal Williams,DET,RB,119.6,146.7,101.6463782,27,152.5,133.2,27,7,18,5
Jaylen Waddle,MIA,WR,163,252.5,137.0044158,24,256.5,207.75,39,7,19,2
Trevor Lawrence,JAX,QB,247.5,247.3,220.4842145,23,272.8,259.8,7,7,46,2
Cole Kmet,CHI,TE,64,110.1666667,58.44612584,23,113.5,87.16666667,120,7,57,3
Tony Pollard,DAL,RB,125.25,155.35,111.411004,25,161.6,140.225,29,8,20,4
Amari Cooper,CLE,WR,151.4,229.46,115.7511612,28,233.06,190.46,50,8,24,5
Kirk Cousins,MIN,QB,284.8,285.12,228.782745,34,303.92,295.02,8,8,50,5
Juwan Johnson,NOR,TE,45.66666667,65.2,44.08976576,26,67.2,55.36666667,128,8,63,3
Dalvin Cook,MIN,RB,203.2,245.26,172.1381266,27,253.86,224.26,33,9,21,5
Amon-Ra St. Brown,DET,WR,149.5,247.45,123.2552026,23,250.45,198.45,52,9,27,2
Daniel Jones,NYG,QB,212.75,212.875,186.5242233,25,233.125,221.25,9,9,53,4
Dawson Knox,BUF,TE,74.5,111.575,64.4553657,26,115.075,92.95,133,9,70,4
Miles Sanders,PHI,RB,149.75,180.75,131.319912,25,187.5,165.25,35,10,22,4
DeVonta Smith,PHI,WR,141,220.1,121.7022306,24,224.1,180.35,54,10,28,2
Jared Goff,DET,QB,255.2,255.32,203.8336457,28,274.92,266.42,10,10,60,5
Dallas Goedert,PHI,TE,81.8,131.54,64.43096195,27,135.14,106.74,136,10,72,5
Aaron Jones,GNB,RB,198,244.54,164.8551365,28,251.94,221.24,38,11,26,5
Christian Kirk,JAX,WR,113.6,177.52,87.08319127,26,180.72,145.52,55,11,30,5
Justin Herbert,LAC,QB,331,331.6333333,268.3522516,24,350.9666667,342.9666667,11,11,64,3
Dalton Schultz,DAL,TE,78.25,130.4,66.16912356,26,133.9,104.15,137,11,73,4
Najee Harris,PIT,RB,204.5,262.1,179.7776816,24,269.1,233.35,40,12,31,2
Ja'Marr Chase,CIN,WR,189.5,273.5,159.3820662,22,278,231.5,56,12,32,2
Pat Freiermuth,PIT,TE,88.5,149.95,80.83423037,24,153.45,119.2,141,12,77,2
Tom Brady,TAM,QB,305.8,305.86,236.0855873,45,321.46,316.16,13,12,,5
Rhamondre Stevenson,NWE,RB,140.5,182,131.9032577,24,189,161.25,42,13,33,2
Tyler Lockett,SEA,WR,160.8,240.34,121.8862204,30,243.74,200.74,60,13,35,5
David Njoku,CLE,TE,57.4,92.18,44.7750237,26,94.78,74.78,144,13,,5
Aaron Rodgers,GNB,QB,308.8,309.36,250.4927699,39,322.76,314.56,19,13,,5
Joe Mixon,CIN,RB,179,219.16,148.2003641,26,225.56,199.06,43,14,34,5
Terry McLaurin,WAS,WR,140,214.55,110.9447192,27,217.8,177.175,62,14,36,4
Lamar Jackson,BAL,QB,276.6,276.42,226.2242085,25,293.02,284.02,21,14,,5
Gerald Everett,LAC,TE,62.2,105.32,50.64800382,28,108.92,83.62,145,14,,5
Brandon Aiyuk,SFO,WR,129.6666667,194.2,108.9519016,24,197.8666667,161.8666667,63,15,37,3
Kenneth Walker III,SEA,RB,176,202.5,163.4579984,22,208.5,189,44,15,38,1
Tyler Higbee,LAR,TE,76.4,130.56,58.25142373,29,133.56,103.56,149,15,,5
Tua Tagovailoa,MIA,QB,182.3333333,182.4333333,153.0970622,24,196.1,190.1,22,15,,3
Mike Evans,TAM,WR,177.2,251.92,135.3619578,29,255.12,214.52,65,16,39,5
Travis Etienne,JAX,RB,170,205.1,164.3817517,23,214.1,187.6,46,16,43,1
Russell Wilson,DEN,QB,291,291.28,234.3332122,34,307.88,299.48,25,16,,5
Jordan Akins,HOU,TE,44.4,74.24,38.31276974,30,77.84,59.14,148,16,,5
Tee Higgins,CIN,WR,140,211.5333333,116.2686504,23,215.2,175.7,66,17,40,3
Ezekiel Elliott,DAL,RB,211.2,260.48,174.4318651,27,267.68,235.78,48,17,44,5
Derek Carr,LVR,QB,241.6,241.88,195.7084874,31,262.28,252.78,26,17,,5
Tyler Conklin,NYJ,TE,38,68.14,28.24657962,27,69.94,53.04,155,17,,5
Jerry Jeudy,DEN,WR,96.66666667,148.9333333,82.77505254,23,151.9333333,122.7666667,75,18,47,3
Alvin Kamara,NOR,RB,215.8,285.38,175.6411064,27,292.38,250.48,57,18,54,5
Kyler Murray,ARI,QB,291.25,291.25,235.8428152,25,309.5,301.5,32,18,,4
Noah Fant,SEA,TE,80.5,135.475,66.41182148,25,138.725,107.975,160,18,,4
D.K. Metcalf,SEA,WR,155.75,232.375,125.5098358,25,236.875,194.125,76,19,48,4
James Conner,ARI,RB,168.4,209.6,141.1646423,27,216.4,188.9,59,19,55,5
Zach Ertz,ARI,TE,102,173.94,77.60104188,32,177.14,137.84,169,19,,5
Dak Prescott,DAL,QB,255.8,255.7,208.0342259,29,274.3,265.2,34,19,,5
D.J. Moore,CAR,WR,134.6,207.12,106.3997747,25,211.72,170.72,79,20,49,5
Leonard Fournette,TAM,RB,143.4,198.7,118.0638021,27,205.1,171.3,61,20,56,5
Marcus Mariota,ATL,QB,99.6,99.64,81.78943195,29,108.24,103.54,36,20,,5
Mike Gesicki,MIA,TE,73.4,119.74,57.75042072,27,123.14,96.64,177,20,,5
Garrett Wilson,NYJ,WR,133,215.7,119.0441105,22,219.7,174.2,82,21,52,1
David Montgomery,CHI,RB,163.25,201.975,142.6695174,25,209.725,182.85,67,21,66,4
Davis Mills,HOU,QB,169.5,169.25,143.7078226,24,188.25,181.75,41,21,,2
Chigoziem Okonkwo,TEN,TE,65,97.2,67.91845835,23,100.2,81.2,181,21,,1
Cooper Kupp,LAR,WR,162,251.04,122.7727544,29,254.44,206.44,86,22,58,5
Tyler Allgeier,ATL,RB,143,159.4,137.2214592,22,165.4,151.4,68,22,67,1
Andy Dalton,NOR,QB,154.4,154.7,118.1995433,35,169.9,164.7,45,22,,5
Hunter Henry,NWE,TE,89.25,140.925,73.17099878,28,144.175,115.175,184,22,,4
Chris Olave,NOR,WR,126,198.2,116.268795,22,203.2,162.2,87,23,59,1
D'Andre Swift,DET,RB,144.6666667,196.6,130.1146722,23,203.6,170.6,69,23,69,3
Robert Tonyan,GNB,TE,49.2,76.54,38.72865021,28,78.94,62.84,195,23,,5
Mac Jones,NWE,QB,197.5,197.5,169.2931321,24,217.5,209.5,47,23,,2
Gabriel Davis,BUF,WR,105.6666667,144.8,92.16101788,23,148.1333333,125.1333333,89,24,61,3
Jerick McKinnon,KAN,RB,85.33333333,119.4666667,81.29972736,30,124.8,102.4666667,71,24,78,3
Jacoby Brissett,CLE,QB,119.75,119.8,106.998069,30,130.55,123.675,49,24,,4
Darren Waller,LVR,TE,89.8,146.7,69.21398159,30,149.7,118.1,200,24,,5
Christian Watson,GNB,WR,123,164.1,112.2236935,23,167.1,143.6,90,25,62,1
Devin Singletary,BUF,RB,130.75,166.8,117.685308,25,174.05,148.675,73,25,,4
Jimmy Garoppolo,SFO,QB,150.4,150.38,118.1398429,31,162.78,157.78,51,25,,5
Austin Hooper,TEN,TE,77.6,131.62,59.81578583,28,134.62,104.52,203,25,,5
Chris Godwin,TAM,WR,141,223.5,108.1648368,26,227.5,182.3,94,26,65,5
Isaiah Likely,BAL,TE,55,91.3,59.56257335,22,94.3,73.3,207,26,,1
AJ Dillon,GNB,RB,110,131.1666667,102.2948235,24,136.5,120.5,72,26,,3
Ryan Tannehill,TEN,QB,227.6,228.24,184.4325243,34,244.84,236.44,53,26,,5
Michael Pittman Jr,IND,WR,,,,25,,,96,27,68,
Hayden Hurst,CIN,TE,50.6,86.16,40.59849889,29,89.36,68.46,214,27,,5
Matt Ryan,IND,QB,256.2,256.58,204.3873094,37,276.58,267.88,58,27,,5
Raheem Mostert,MIA,RB,101.25,117.95,94.57605188,30,124.45,109.575,77,27,,4
Zay Jones,JAX,WR,65.8,110.94,51.83370874,27,114.14,88.34,98,28,71,5
Jeff Wilson,2TM,RB,77.4,88.72,69.80093004,27,94.12,83.02,78,28,,5
Greg Dulcich,DEN,TE,53,86.1,58.6959639,22,89.1,69.6,213,28,,1
Kenny Pickett,PIT,QB,150,149.9,137.5838253,24,165.9,158.9,64,28,,1
Allen Lazard,GNB,WR,87.75,129.475,73.19796421,27,132.475,108.475,100,29,74,4
Baker Mayfield,2TM,QB,203.8,204.04,161.400674,27,225.04,216.74,92,29,,5
Dameon Pierce,HOU,RB,136,166.4,135.4058696,22,174.4,151.4,80,29,,1
Will Dissly,SEA,TE,39.6,61.52,33.3661566,26,64.52,50.52,212,29,,5
Cordarrelle Patterson,ATL,RB,93.2,118.16,81.9894858,31,123.96,105.56,81,30,,5
Foster Moreau,LVR,TE,45,67.975,41.61952892,25,71.225,56.6,215,30,,4
George Pickens,PIT,WR,115,166.5,106.0610104,21,169.5,140.5,101,30,,1
Taylor Heinicke,WAS,QB,91,91.125,77.25812197,29,101.875,97,99,30,,4
Mike Williams,LAC,WR,128,183.66,98.69710711,28,186.66,155.76,102,31,,5
Cam Akers,LAR,RB,109.5,121.55,111.9676821,23,129.05,115.55,84,31,,2
Cade Otton,TAM,TE,51,93.1,56.23889172,23,96.1,72.1,221,31,,1
Carson Wentz,WAS,QB,207.6,207.76,171.8052067,30,226.16,216.66,104,31,,5
Latavius Murray,2TM,RB,113.4,136.62,96.36478776,32,142.02,125.02,85,32,,5
Jelani Woods,IND,TE,49,74.2,56.20341013,24,77.2,61.7,224,32,,1
Matthew Stafford,LAR,QB,215.6,215.5,168.7563664,34,231.9,225.7,110,32,,5
Jakobi Meyers,NWE,WR,84,142.75,70.58778893,26,146.75,113.375,103,32,,4
Kyle Pitts,ATL,TE,78.5,126.1,73.8456516,22,129.1,102.1,230,33,,2
D'Onta Foreman,CAR,RB,59,63.15,53.08553086,26,65.65,61.025,88,33,,4
Brock Purdy,SFO,QB,106,106.3,98.2541463,23,113.3,110.3,114,33,,1
Deebo Samuel,SFO,WR,138.5,194.3,119.3758241,26,200.8,166.425,106,33,,4
Brock Wright,DET,TE,35,49.65,43.30354378,24,52.65,42.15,237,34,,2
Isiah Pacheco,KAN,RB,122,135,127.0167282,23,143,128.5,91,34,,1
Zach Wilson,NYJ,QB,125,125.4,114.0341389,23,141.4,134.15,119,34,,2
Curtis Samuel,WAS,WR,93.4,141.34,76.49201712,26,145.94,117.34,105,34,,5
Sam Darnold,CAR,QB,146.8,147.04,118.322831,25,166.04,158.04,139,35,,5
Adam Thielen,MIN,WR,140.2,211.1,106.7000129,32,214.3,175.7,107,35,,5
Daniel Bellinger,NYG,TE,45,75,55.49273595,22,79,60,239,35,,1
Antonio Gibson,WAS,RB,157.6666667,199.0666667,143.5335415,24,207.0666667,178.4,93,35,,3
Tyler Boyd,CIN,WR,123.6,197.5,94.38055123,28,200.9,160.5,108,36,,5
Deshaun Watson,CLE,QB,276.75,276.9,227.6394329,27,293.4,285.025,140,36,,4
Jonathan Taylor,IND,RB,222.6666667,257.4333333,194.5907695,23,265.4333333,240.1,97,36,,3
Colby Parkinson,SEA,TE,44,69.2,52.32255762,23,72.2,56.7,243,36,,1
Khalil Herbert,CHI,RB,87,98.35,83.63209526,24,101.35,92.6,109,37,,2
JuJu Smith-Schuster,KAN,WR,104.2,172.86,81.06584766,26,176.86,138.56,112,37,,5
Noah Gray,KAN,TE,26,43.3,32.00985655,23,44.8,34.55,251,37,,2
Mitchell Trubisky,PIT,QB,140.4,140.3,112.2648911,28,153.1,147.5,159,37,,5
Drake London,ATL,WR,107,178.6,105.1865008,21,184.6,142.6,111,38,,1
MyCole Pruitt,ATL,TE,25.6,35.52,20.6910997,30,37.32,30.52,262,38,,5
Samaje Perine,CIN,RB,44.2,59.86,37.67504651,27,62.86,51.96,116,38,,5
Cooper Rush,DAL,QB,40.5,40.35,47.69642956,29,45.85,42.35,199,38,,2
Donovan Peoples-Jones,CLE,WR,75.33333333,111.7333333,69.24404432,23,115.4,93.56666667,113,39,,3
Mike White,NYJ,QB,50.5,50.3,51.0421259,27,59.8,56.3,201,39,,2
Brian Robinson Jr,WAS,RB,,,,23,,,117,39,,
Logan Thomas,WAS,TE,42,73.42,33.08695441,31,76.02,57.72,268,39,,5
Tyler Huntley,BAL,QB,66.5,66.3,76.33081052,24,77.3,69.8,223,40,,2
Keenan Allen,LAC,WR,143.2,237.7,108.5276566,30,241.5,190.4,118,40,,5
Breece Hall,NYJ,RB,96,115.1,103.5285821,21,122.1,105.6,124,40,,1
C.J. Uzomah,NYJ,TE,45.4,75.06,35.3275531,29,77.46,60.26,275,40,,5
Kareem Hunt,CLE,RB,125.8,157.38,106.7292062,27,163.38,141.58,129,41,,5
Mo Alie-Cox,IND,TE,34.8,52.7,29.21451068,29,55.5,43.8,271,41,,5
Josh Palmer,LAC,WR,78.5,131.1,72.43289978,24,134.1,104.85,122,41,,2
Joe Flacco,NYJ,QB,69.8,69.78,59.59005144,37,77.98,73.18,226,41,,5
Tommy Tremble,CAR,TE,33,52.75,41.40261459,22,56.25,43,281,42,,2
Mack Hollins,LVR,WR,44.5,68.65,41.7049062,29,71.9,56.525,121,42,,4
Jameis Winston,NOR,QB,165.5,165.625,133.6410047,28,186.125,178.625,247,42,,4
Rachaad White,TAM,RB,89,139.1,100.0040558,23,148.1,114.1,132,42,,1
Trey McBride,ARI,TE,33,61.5,44.72712009,23,64.5,47,279,43,,1
Kenyan Drake,BAL,RB,128.8,163.84,108.600684,28,169.84,146.34,135,43,,5
Jarrett Stidham,LVR,QB,28,27.75,33.28964108,26,32.75,30.75,250,43,,2
Jahan Dotson,WAS,WR,96,130.6,92.83063032,22,133.6,113.1,123,43,,1
P.J. Walker,CAR,QB,20.66666667,20.46666667,26.0044922,27,27.46666667,24.13333333,264,44,,3
Harrison Bryant,CLE,TE,36.66666667,61.93333333,40.5940038,24,65.6,49.26666667,286,44,,3
K.J. Osborn,MIN,WR,102.5,157.05,91.86610246,25,160.05,129.55,125,44,,2
Michael Carter,NYJ,RB,101.5,140.2,101.5500307,23,147.2,120.95,142,44,,2
Desmond Ridder,ATL,QB,39,38.7,56.940197,23,43.7,38.7,263,45,,1
James Cook,BUF,RB,85,105.7,95.55796419,23,112.7,95.2,143,45,,1
Courtland Sutton,DEN,WR,87.6,135.58,66.02188809,27,137.98,111.68,127,45,,5
Kylen Granson,IND,TE,20.5,41.4,30.96572428,24,44.4,30.9,289,45,,2
Clyde Edwards-Helaire,KAN,RB,106.6666667,130.6333333,102.5333927,23,137.3,118.6333333,147,46,,3
Irv Smith Jr,MIN,TE,,,,24,,,292,46,,
Bailey Zappe,NWE,QB,39,39.6,56.16019485,23,48.6,42.1,265,46,,1
Diontae Johnson,PIT,WR,125,210,100.4001007,26,214.25,167.5,126,46,,4
James Robinson,2TM,RB,140.6666667,170.9666667,126.6115392,24,176.9666667,155.8,153,47,,3
Marquise Brown,ARI,WR,112.25,177.925,89.61556071,25,181.175,145.175,130,47,,4
Shane Zylstra,DET,TE,30,41,35.71023941,26,41,35.5,293,47,,1
Teddy Bridgewater,MIA,QB,115.8,115.92,92.21517474,30,125.32,120.92,266,47,,5
J.K. Dobbins,BAL,RB,112.5,124.85,107.09264,24,129.35,118.6,156,48,,2
Jake Ferguson,DAL,TE,29,48.4,40.89899971,23,51.4,38.9,296,48,,1
Brandin Cooks,HOU,WR,124.2,194.02,94.39702537,29,197.02,159.02,131,48,,5
Gardner Minshew II,PHI,QB,115,115.1,105.3815848,26,126.35,118.725,269,48,,4
DeAndre Hopkins,ARI,WR,150,237.74,115.0533032,30,241.94,193.94,134,49,,5
Peyton Hendershot,DAL,TE,29,39.5,43.43190043,23,42.5,34,297,49,,1
Sam Ehlinger,IND,QB,36,35.6,48.90724552,24,42.6,38.6,270,49,,1
Damien Harris,NWE,RB,117.3333333,130.7666667,106.6037522,25,135.4333333,124.1,157,49,,3
Colt McCoy,ARI,QB,24.6,24.76,20.94126113,36,29.36,26.56,280,50,,5
Josh Oliver,BAL,TE,12,20.33333333,16.93614749,25,21.33333333,16,308,50,,3
Chuba Hubbard,CAR,RB,93.5,112.65,98.30707956,23,119.65,102.9,158,50,,2
Parris Campbell,IND,WR,34.25,58.525,31.62470068,25,61.025,46.4,138,50,,4
Alexander Mattison,MIN,RB,74.75,92.4,69.7792622,24,97.4,83.65,162,51,,4
Adam Trautman,NOR,TE,28.66666667,48.7,33.89120561,25,52.03333333,38.7,309,51,,3
Darius Slayton,NYG,WR,84.5,127,71.98129613,25,130.75,105.75,146,51,,4
Joshua Dobbs,TEN,QB,21,20.8,40.52102708,27,27.8,22.8,327,51,,1
O.J. Howard,HOU,TE,42.2,62.4,36.64207941,28,65.6,52.1,306,52,,5
Marquez Valdes-Scantling,KAN,WR,75.2,108.36,59.93355487,28,111.56,91.86,150,52,,5
Davis Webb,NYG,QB,21,20.8,30.21464194,27,20.8,20.8,335,52,,1
Jaylen Warren,PIT,RB,65,93.3,75.66592912,24,99.3,79.3,182,52,,1
Devin Duvernay,BAL,WR,54,84.13333333,51.51936362,25,87.13333333,69.13333333,151,53,,3
Jonnu Smith,NWE,TE,55.4,85.62,44.61326266,27,88.62,70.52,312,53,,5
Kenneth Gainwell,PHI,RB,77.5,105.65,82.8172561,23,112.15,91.65,180,53,,2
Malik Willis,TEN,QB,19,19.3,36.88028802,23,27.3,22.3,352,53,,1
Eno Benjamin,3TM,RB,43.5,58.8,53.33133697,23,63.3,51.05,179,54,,2
David Blough,ARI,QB,36.5,37,41.99734519,27,44.5,40.75,344,54,,2
Isaiah McKenzie,BUF,WR,50.4,77.54,42.55669106,27,80.94,63.84,152,54,,5
Durham Smythe,MIA,TE,21.2,38.66,16.62720063,27,40.46,29.86,313,54,,5
Melvin Gordon,DEN,RB,152,187.38,132.7128319,29,195.78,169.68,187,55,,5
Richie James,NYG,WR,40,63.825,41.69498924,27,68.575,51.95,154,55,,4
Connor Heyward,PIT,TE,24,35.8,38.87429049,23,38.8,29.8,315,55,,1
Sam Howell,WAS,QB,18,18.3,25.79773237,22,19.3,19.3,357,55,,1
Gus Edwards,BAL,RB,88,92.475,80.45024956,27,96.975,90.225,194,56,,4
Brett Rypien,DEN,QB,14.5,14.65,20.91501849,26,20.65,18.65,358,56,,2
Teagan Quitoriano,HOU,TE,23,30.3,37.64036218,22,33.3,26.8,320,56,,1
Russell Gage,TAM,WR,67,115.76,52.36480542,26,118.96,91.36,161,56,,5
Chase Edmonds,2TM,RB,77.4,106.28,69.75444493,26,112.48,91.88,196,57,,5
Jody Fortson,KAN,TE,19,25.75,28.98446224,27,27.75,22.25,328,57,,2
Skylar Thompson,MIA,QB,17,17.5,34.94379252,25,25.5,20.5,366,57,,1
Rashid Shaheed,NOR,WR,73,100.5,75.87446584,24,103.5,86.5,163,57,,1
Eric Saubert,DEN,TE,9.75,17.1,10.23162073,28,17.85,13.35,333,58,,4
Jeff Driskel,HOU,QB,47,47.625,45.22898134,29,53.625,49.375,369,58,,4
Darrell Henderson,LAR,RB,80.75,97.4,75.16493133,25,102.65,89.15,198,58,,4
DeVante Parker,NWE,WR,90,135.96,69.99570252,29,138.96,112.96,165,58,,5
Noah Brown,DAL,WR,27.75,47.275,27.05708942,26,49.775,37.525,164,59,,4
Marcedes Lewis,GNB,TE,19.4,30.64,15.89176843,38,32.44,24.94,330,59,,5
Kyle Allen,HOU,QB,54.6,54.56,45.92327311,26,63.16,58.76,368,59,,5
Dontrell Hilliard,TEN,RB,30,42.3,25.68778675,27,45.1,36.3,202,59,,5
Alec Pierce,IND,WR,71,112.3,71.47867294,22,115.3,91.8,167,60,,1
Deon Jackson,IND,RB,32,46.8,41.94315729,23,50.3,39.3,205,60,,2
Bryce Perkins,LAR,QB,15,15.4,22.1491318,26,17.4,17.4,375,60,,1
Johnny Mundt,MIN,TE,9.333333333,18.3,14.25661918,28,19.3,13.8,339,60,,3
Zack Moss,2TM,RB,74.66666667,90.43333333,73.85933309,25,95.1,82.43333333,209,61,,3
Eric Tomlinson,DEN,TE,13.5,22.05,18.96354069,30,22.05,17.8,342,61,,2
Marvin Jones,JAX,WR,108.6,166.92,83.26278625,32,169.92,137.72,166,61,,5
John Wolford,LAR,QB,14,13.8,23.45522726,27,17.8,15.8,378,61,,2
Nyheim Hines,2TM,RB,85.2,133.2,73.52964712,26,139.2,109.2,218,62,,5
Olamide Zaccheaus,ATL,WR,46.5,69.925,43.28462215,25,73.175,58.175,168,62,,4
Mitchell Wilcox,CIN,TE,20,36.9,35.07490281,26,39.9,28.4,343,62,,1
Trey Lance,SFO,QB,38.5,38.7,44.77958322,22,43.2,40.2,399,62,,2
Ian Thomas,CAR,TE,25,46.98,22.28287029,26,49.98,35.88,341,63,,5
Kalif Raymond,DET,WR,48,76.375,44.21534684,28,79.875,62.25,171,63,,4
Joshua Kelley,LAC,RB,40.33333333,54.33333333,50.31365934,25,60.33333333,47.33333333,219,63,,3
Nick Mullens,MIN,QB,65.25,65.375,51.44558886,27,73.625,71.125,402,63,,4
Jordan Love,GNB,QB,16.5,16.4,25.76758217,24,19.9,17.9,400,64,,2
Jamycal Hasty,JAX,RB,33.66666667,50.2,40.93975424,26,54.53333333,41.86666667,222,64,,3
Mecole Hardman,KAN,WR,83,120.575,73.51503388,24,125.075,101.7,170,64,,4
Donald Parham,LAC,TE,30.66666667,43.96666667,35.40427543,25,46.96666667,37.3,349,64,,3
Lawrence Cager,2TM,TE,11,18.15,21.66067175,25,19.65,14.4,355,65,,2
DJ Chark,DET,WR,72.8,108.28,57.98314582,26,111.48,90.58,172,65,,5
Tyrod Taylor,NYG,QB,29.8,29.88,24.85411555,33,34.08,31.48,410,65,,5
Rashaad Penny,SEA,RB,73,79.9,65.10477186,26,83.15,76.525,229,65,,4
Trevor Siemian,CHI,QB,50,50.2,50.62905632,31,54.2,52.2,421,66,,2
Chris Moore,HOU,WR,32.75,55.55,29.9350937,29,57.8,44.175,173,66,,4
Zonovan Knight,NYJ,RB,46,59,63.00280662,21,65,52.5,234,66,,1
Cameron Brate,TAM,TE,44.8,73.62,37.02908765,31,76.82,59.22,360,66,,5
Caleb Huntley,ATL,RB,43,44.9,54.43470962,24,47.9,43.9,248,67,,1
Michael Gallup,DAL,WR,89.8,136.12,69.87708905,26,139.12,112.92,176,67,,5
James Mitchell,DET,TE,17,28.3,32.58123643,23,31.3,22.8,363,67,,1
Chris Streveler,NYJ,QB,8.5,8.35,15.75730509,27,8.85,8.85,430,67,,2
Trace McSorley,ARI,QB,9,8.95,19.97849385,27,13.95,11.45,425,68,,2
DeAndre Carter,LAC,WR,40.75,66.575,40.19170442,29,70.575,53.7,174,68,,4
Boston Scott,PHI,RB,67.75,84.325,65.04571401,27,89.325,75.95,253,68,,4
John Bates,WAS,TE,24,40.85,34.1804624,25,43.85,32.35,359,68,,2
Josh Reynolds,DET,WR,60.4,94.14,48.78838085,27,97.34,77.24,178,69,,5
Chase Daniel,LAC,QB,19,19.35,17.85215955,36,22.35,20.725,435,69,,4
Elijah Mitchell,SFO,RB,93.5,104.3,92.59222762,24,108.8,98.8,252,69,,2
Ross Dwelley,SFO,TE,20,30.05,19.89132268,27,31.55,24.925,362,69,,4
Nathan Peterman,CHI,QB,10.5,10.55,12.97745022,28,14.55,14.55,438,70,,2
Albert Okwuegbunam,DEN,TE,25.66666667,43.53333333,29.57139246,24,45.86666667,34.53333333,371,70,,3
Rex Burkhead,HOU,RB,62.4,88.02,57.54382324,32,93.82,75.22,257,70,,5
Corey Davis,NYJ,WR,90.8,138.58,71.40226995,27,141.98,114.68,175,70,,5
Anthony Brown,BAL,QB,6,5.6,26.7501423,24,11.6,7.6,449,71,,1
Matt Breida,NYG,RB,65.8,82.06,60.9124665,27,87.66,73.86,256,71,,5
Marquise Goodwin,SEA,WR,47.5,68.225,43.15801753,32,71.225,57.975,183,71,,4
Ko Kieft,TAM,TE,14,21,23.69361413,24,21,17.5,384,71,,1
Isaiah Hodgins,2TM,WR,63,100.2,68.37597068,24,104.2,81.7,185,72,,1
Justin Jackson,DET,RB,43.4,58.98,43.01212576,26,64.58,51.28,261,72,,5
Dan Arnold,JAX,TE,33.4,52.16,30.16779285,27,55.56,42.66,379,72,,5
Blaine Gabbert,TAM,QB,17.66666667,17.83333333,19.7412676,33,20.16666667,19.16666667,464,72,,3
Zach Gentry,PIT,TE,15,33.95,26.80179927,26,36.95,24.45,391,73,,2
Kyle Juszczyk,SFO,RB,42,65.4,36.30361011,31,68.8,53.6,272,73,,5
Robert Woods,TEN,WR,126.6,199.3,101.3521607,30,204.5,162.9,186,73,,5
Darnell Mooney,CHI,WR,97.33333333,157.7666667,82.77491424,25,160.7666667,127.4333333,188,74,,3
Mark Ingram,NOR,RB,100.4,119.32,88.76039478,33,125.32,109.72,276,74,,5
Tanner Hudson,NYG,TE,6.666666667,11.63333333,12.58893392,28,12.63333333,9.133333333,393,74,,3
Raheem Blackshear,CAR,RB,33,43,40.65175836,23,44,38,278,75,,1
Brevin Jordan,HOU,TE,24.5,41.3,34.66458627,22,44.3,32.8,394,75,,2
Treylon Burks,TEN,WR,61,94.1,64.90532791,22,97.1,77.6,189,75,,1
Greg Dortch,ARI,WR,32.5,60,36.92179434,24,62,46.25,190,76,,2
Quintin Morris,BUF,TE,12,20.4,23.78492021,23,21.4,16.4,401,76,,1
Jordan Mason,SFO,RB,32,31.8,46.28996273,23,34.8,31.8,285,76,,1
Nico Collins,HOU,WR,55.5,90.35,56.82037086,23,93.35,72.85,191,77,,2
Ty Johnson,NYJ,RB,49.25,70.825,49.72886961,25,75.825,60.075,287,77,,4
Jack Stoll,PHI,TE,12,23.3,28.70038392,24,26.3,17.8,403,77,,1
Marlon Mack,2TM,RB,75,83.84,61.43654235,26,86.64,79.44,291,78,,5
Romeo Doubs,GNB,WR,60,101.6,66.69729423,22,105.6,80.6,192,78,,1
Geoff Swaim,TEN,TE,20.4,38.56,14.24638251,29,39.76,29.46,404,78,,5
Chase Claypool,2TM,WR,106.6666667,162.1666667,92.06873702,24,165.8333333,134.3333333,193,79,,3
Pharaoh Brown,2TM,TE,14.5,27.2,17.59543659,28,29.7,20.825,397,79,,4
Justice Hill,BAL,RB,26.66666667,34.83333333,31.38333701,25,37.16666667,30.66666667,290,79,,3
Josiah Deguara,GNB,TE,24,42.95,33.78733378,25,45.95,33.45,406,80,,2
DeeJay Dallas,SEA,RB,36,54.4,46.01058709,24,60.73333333,45.56666667,295,80,,3
Nick Westbrook-Ikhine,TEN,WR,44.33333333,66.2,43.65780575,25,68.53333333,55.2,197,80,,3
Demarcus Robinson,BAL,WR,57,91.3,46.66841298,28,94.7,74.1,204,81,,5
Brycen Hopkins,LAR,TE,11,17.9,29.09462515,25,20.9,14.4,408,81,,1
Ameer Abdullah,LVR,RB,25.6,43.36,22.34265021,29,46.16,34.46,294,81,,5
Anthony Firkser,ATL,TE,31,53.94,27.05464551,27,57.14,42.44,416,82,,5
Terrace Marshall Jr,CAR,WR,,,,22,,,208,82,,
J.D. McKissic,WAS,RB,68.75,114.725,63.84963322,29,120.225,91.725,298,82,,4
Dare Ogunbowale,HOU,RB,31.5,51,35.66883207,28,55.75,41.25,299,83,,4
Van Jefferson,LAR,WR,67,98,61.76515745,26,101,82.5,206,83,,3
Armani Rogers,WAS,TE,9,14,20.013813,25,14,11.5,427,83,,1
Parker Hesse,ATL,TE,6.5,13.6,13.58509708,27,13.6,10.1,423,84,,2
Malik Davis,DAL,RB,28,34.4,41.42966312,24,37.4,31.4,302,84,,1
Trent Sherfield,MIA,WR,21.8,35.08,15.9692063,26,36.28,28.38,210,84,,5
Kendrick Bourne,NWE,WR,80.2,122.2,65.08853822,27,126,101.1,211,85,,5
Travis Homer,SEA,RB,28.5,41.425,30.36907282,24,44.675,34.925,305,85,,4
Kyle Rudolph,TAM,TE,48.4,80.4,38.03254566,33,83,64.4,428,85,,5
Javonte Williams,DEN,RB,94,123.45,93.34495358,22,128.95,108.7,311,86,,2
Allen Robinson,LAR,WR,103.4,168.6,78.89195954,29,171.8,136,216,86,,5
Grant Calcaterra,PHI,TE,8,13.1,19.04556525,24,13.1,10.6,434,86,,1
Blake Bell,KAN,TE,8.6,16.06,4.837731055,31,16.66,12.26,433,87,,5
Gary Brightwell,NYG,RB,24,29,39.19381579,23,32,26.5,314,87,,1
Quez Watkins,PHI,WR,47.33333333,74.7,48.24928221,24,78.03333333,60.86666667,217,87,,3
Tre' McKitty,LAC,TE,6,13.85,13.57667927,23,13.85,9.85,442,88,,2
Alec Ingold,MIA,RB,16.75,27.6,16.74227396,26,29.1,22.225,319,88,,4
Elijah Moore,NYJ,WR,73,113.15,69.32449446,22,116.15,93.15,220,88,,2
Trenton Irwin,CIN,WR,48,63.2,56.43249648,27,66.2,55.7,227,89,,1
Andrew Beck,DEN,TE,11.5,18.2,18.23425858,26,18.2,14.7,439,89,,2
Craig Reynolds,DET,RB,25,33,39.34197084,26,37.5,29,324,89,,2
Randall Cobb,GNB,WR,64.8,103.32,52.76441591,32,106.92,84.02,225,90,,5
Kyren Williams,LAR,RB,22,30.5,38.19975829,22,33.5,26,325,90,,1
Tyler Mabry,SEA,TE,7,7.7,19.43980648,26,7.7,7.2,441,90,,1
C.J. Ham,MIN,RB,17,29.52,12.7496739,29,30.92,23.22,329,91,,5
Jauan Jennings,SFO,WR,53,82.4,55.33679725,25,85.4,67.65,228,91,,2
Tyler Kroft,SFO,TE,15.2,23.52,11.27227852,30,24.72,19.32,452,91,,5
Nick Vannett,2TM,TE,20.6,35.36,16.61494236,29,37.16,27.86,458,92,,5
Avery Williams,ATL,RB,21,34,38.57358056,24,38,27.5,336,92,,1
Jamal Agnew,JAX,WR,25.6,37.78,21.35968954,27,39.98,31.68,231,92,,5
Rondale Moore,ARI,WR,51,98.5,53.03915754,22,102,74.75,232,93,,2
Charlie Kolar,BAL,TE,5,8.9,17.20173392,23,8.9,6.9,469,93,,1
Pierre Strong,NWE,RB,20,27.2,35.50392792,24,30.2,23.7,340,93,,1
Stephen Sullivan,CAR,TE,5,6.6,17.97901704,26,6.6,5.6,472,94,,1
Mike Boone,DEN,RB,18.2,21.64,14.23697511,27,22.84,19.84,337,94,,5
Julio Jones,TAM,WR,115.6,179.38,88.67883806,33,182.78,147.58,233,94,,5
Dante Pettis,CHI,WR,34.8,48.82,28.10423403,27,50.82,41.72,235,95,,5
Trevon Wesco,CHI,TE,4.666666667,6.666666667,9.368411397,27,6.666666667,5.5,475,95,,3
Jonathan Williams,WAS,RB,23.66666667,29.1,28.00670264,28,31.1,26.43333333,351,95,,3
Laviska Shenault Jr,CAR,WR,,,,24,,,236,96,,
Chris Manhertz,JAX,TE,8.25,13.425,6.810066817,30,13.425,10.925,480,96,,4
Tevin Coleman,SFO,RB,69,83.04,57.12333149,29,86.04,75.94,345,96,,5
Luke Farrell,JAX,TE,5,10.3,13.1478616,25,10.3,7.55,479,97,,2
Ben Skowronek,LAR,WR,29,54.3,36.39276181,25,57.3,41.8,240,97,,2
Brandon Bolden,LVR,RB,42.25,57.925,38.42554856,32,60.425,50.175,353,97,,4
Kendall Blanton,LAR,TE,4,6.6,13.00715981,27,6.6,5.1,477,98,,2
Malcolm Brown,LAR,RB,43,50.58,37.83995618,29,53.78,46.78,354,98,,5
Tutu Atwell,LAR,WR,45,63.2,53.80240792,23,66.2,54.2,238,98,,1
Darrel Williams,ARI,RB,53.8,71.1,48.40608579,27,75.5,62.4,367,99,,5
Tyler Davis,GNB,TE,3.5,7.05,12.6145875,25,7.05,5.05,491,99,,2
Tyquan Thornton,NWE,WR,44,66.3,52.43205743,22,69.3,55.3,245,99,,1
Corey Clement,ARI,RB,28.75,38.225,28.30643496,28,40.475,33.475,361,100,,4
Ben Ellefson,MIN,TE,3,4.8,11.9473605,26,4.8,3.8,492,100,,2
Nelson Agholor,NWE,WR,80.8,124.72,64.27625588,29,128.32,102.82,241,100,,5
Ryan Griffin,CHI,TE,29,48.36,22.67235642,32,50.16,38.56,493,101,,5
Benny Snell Jr,PIT,RB,,,,24,,,365,101,,
Ray-Ray McCloud,SFO,WR,21.25,40.875,21.19178348,26,43.125,31.125,242,101,,4
Equanimeous St. Brown,CHI,WR,26.5,41.15,25.72128772,26,43.4,33.9,244,102,,4
Sony Michel,LAC,RB,96.4,107.64,82.83029295,27,112.44,102.04,370,102,,5
Justin Watson,KAN,WR,27,39.26666667,30.2103866,26,41.26666667,33.1,246,103,,3
Ronald Jones II,KAN,RB,78.2,93.74,66.58221565,25,97.94,86.04,374,103,,5
Hunter Renfrow,LVR,WR,90,150.8,74.7746632,27,154.55,120.3,249,104,,4
Derek Watt,PIT,RB,12.5,16.7,18.3516199,30,16.7,14.7,377,104,,2
Kadarius Toney,2TM,WR,42,69.85,47.39186637,23,73.35,56.1,254,105,,2
Hassan Haskins,TEN,RB,15,26,24.06768189,23,26,20.5,372,105,,1
Keaontay Ingram,ARI,RB,14,18.1,23.80311394,23,18.1,16.1,382,106,,1
Braxton Berrios,NYJ,WR,46.25,72.9,43.4400108,27,76.4,59.525,255,106,,4
Shi Smith,CAR,WR,25,38.85,36.51445084,24,42.35,31.85,258,107,,2
Zander Horvath,LAC,RB,14,18.6,24.66297449,24,18.6,16.1,381,107,,1
Damiere Byrd,ATL,WR,46.5,75.875,43.4056271,29,79.375,61.125,260,108,,4
Salvon Ahmed,MIA,RB,32.66666667,40.6,37.55677917,24,43.6,36.6,389,108,,3
Rashod Bateman,BAL,WR,48.5,78.5,53.76805418,23,82,63.25,259,109,,2
Royce Freeman,HOU,RB,49.8,66.84,44.0677132,26,70.84,58.34,390,109,,5
A.J. Green,ARI,WR,77,119.775,64.83062575,34,123.025,98.4,267,110,,4
Reggie Gilliam,BUF,RB,8,12.03333333,11.69056928,25,12.03333333,9.866666667,392,110,,3
Jarvis Landry,NOR,WR,104.4,167.14,80.66558138,30,170.74,135.84,273,111,,5
Chris Myarick,NYG,RB,10.5,15.1,17.8512167,27,15.1,12.6,395,111,,2
Michael Thomas,NOR,WR,124,206.275,98.42305688,29,209.775,165.025,274,112,,4
Kevin Harris,NWE,RB,11,11.2,21.68462793,22,11.2,11.2,407,112,,1
Snoop Conner,JAX,RB,10,10.2,20.90845743,22,10.2,10.2,412,113,,1
Tre'Quan Smith,NOR,WR,57,83.14,46.4109,26,86.14,70.04,277,113,,5
Giovanni Ricci,CAR,RB,10,18,28.02585172,26,21,14,420,114,,1
Kendall Hinton,DEN,WR,28,47.45,36.84175294,25,50.45,37.7,284,114,,2
Chosen Anderson,2TM,WR,92.6,146.7,72.9506176,29,150.5,119.7,282,115,,5
Tyrion Davis-Price,SFO,RB,10,9.9,21.48468917,22,9.9,9.9,413,115,,1
Chris Evans,CIN,RB,22.5,31.3,30.14772812,25,32.8,26.8,414,116,,2
Phillip Dorsett,HOU,WR,41.25,63.1,38.87645304,29,66.1,52.1,283,116,,4
Sammy Watkins,2TM,WR,57.2,91.58,47.44937562,29,95.58,74.58,288,117,,5
Darrynton Evans,CHI,RB,12,13.4,18.79108061,24,13.4,12.65,415,117,,2
Kene Nwangwu,MIN,RB,14.5,17.25,20.8688342,24,17.25,15.75,419,118,,2
Wan'Dale Robinson,NYG,WR,29,51.6,42.03351495,21,54.6,40.1,300,118,,1
KhaDarel Hodge,ATL,WR,14.8,23.24,12.60285604,27,25.04,18.94,304,119,,5
Patrick Ricard,BAL,RB,10.25,19.2,9.020599325,28,19.45,14.7,426,119,,4
Phillip Lindsay,IND,RB,92,109.34,75.96898263,28,112.94,100.64,424,120,,5
Dyami Brown,WAS,WR,22,30.45,33.29051248,23,33.45,26.2,301,120,,2
Ashton Dulin,IND,WR,18.75,26.775,19.17018023,25,28.275,22.65,303,121,,4
Jordan Wilkins,IND,RB,37.25,47.525,37.87305354,28,51.025,42.4,431,121,,4
Velus Jones Jr,CHI,WR,,,,25,,,307,122,,
Tyler Badie,DEN,RB,8,9.4,18.87143625,22,9.4,8.9,432,122,,1
Byron Pringle,CHI,WR,40.5,59.575,39.24691055,29,62.825,49.95,310,123,,4
Jaret Patterson,WAS,RB,27,31.85,33.94655949,23,33.35,29.35,437,123,,2
Khalil Shakir,BUF,WR,24,34.1,38.49911012,22,37.1,29.1,318,124,,1
Ke'Shawn Vaughn,TAM,RB,19.33333333,23.36666667,25.7428768,25,25.7,21.36666667,446,124,,3
Zamir White,LVR,RB,7,7,18.96410042,23,7,7,448,125,,1
Jalen Nailor,MIN,WR,24,32.9,38.9837903,23,35.9,28.4,316,125,,1
Trayveon Williams,CIN,RB,9.666666667,12.06666667,16.43767952,25,13.4,10.73333333,459,126,,3
Brandon Powell,LAR,WR,15.25,26.875,16.53778677,27,28.625,21,317,126,,4
Amari Rodgers,2TM,WR,14.5,24.35,26.25428156,23,26.85,19.35,321,127,,2
Myles Gaskin,MIA,RB,69.25,94.65,63.4750095,25,99.15,82.025,465,127,,4
Tony Jones,2TM,RB,11,16.25,20.75952248,25,17.75,13.75,468,128,,2
River Cracraft,MIA,WR,9.333333333,14.9,14.95050129,28,16.23333333,12.23333333,323,128,,3
Isaiah Spiller,LAC,RB,5,8.4,16.34187337,21,8.4,6.9,471,129,,1
Marquez Callaway,NOR,WR,49.66666667,77.3,48.7106468,24,80.3,63.46666667,322,129,,3
Spencer Brown,CAR,RB,5,7.3,16.6344763,24,7.3,6.3,461,130,,1
David Bell,CLE,WR,21,45.4,34.18700728,22,48.4,33.4,326,130,,1
Skyy Moore,KAN,WR,21,43.4,41.92550392,22,49.4,32.4,331,131,,1
Julius Chestnut,TEN,RB,5,8.3,16.53395062,22,8.3,6.8,462,131,,1
David Johnson,NOR,RB,100.8,131.6,87.73099809,31,137.6,116.1,467,132,,5
Sterling Shepard,NYG,WR,72.4,119.78,56.51999965,29,122.78,95.98,334,132,,5
Ronnie Rivers,LAR,RB,5,10,16.90913099,23,10,7.5,470,133,,1
Zach Pascal,PHI,WR,61,93.9,49.41133459,28,97.1,77.4,332,133,,5
Patrick Taylor,GNB,RB,10,11.5,17.04666236,24,11.5,10.75,473,134,,2
Keelan Cole,LVR,WR,55.4,86.44,45.49941936,29,89.84,70.94,338,134,,5
Dwayne Washington,NOR,RB,9,9.5,15.09171272,28,10.5,9.166666667,474,135,,3
Scott Miller,TAM,WR,32.75,51.125,30.69846305,25,53.375,41.875,347,135,,4
Trestan Ebner,CHI,RB,4,6.2,18.56286481,23,7.2,5.2,478,136,,1
Jalen Reagor,MIN,WR,40,64.06666667,41.38418221,23,67.06666667,52.06666667,350,136,,3
KJ Hamler,DEN,WR,28.66666667,42.76666667,31.01633255,23,44.76666667,35.76666667,346,137,,3
Anthony McFarland Jr,PIT,RB,,,,23,,,481,137,,
Larry Rountree,LAC,RB,9,10.45,16.36653048,23,10.45,9.7,495,138,,2
Denzel Mims,NYJ,WR,23.33333333,37.2,29.83741854,25,40.2,30.2,348,138,,3
Jonathan Ward,2TM,RB,5.666666667,7.666666667,9.537832968,25,7.666666667,6.666666667,498,139,,3
N'Keal Harry,CHI,WR,25.5,41.575,28.07898883,25,45.075,33.575,356,139,,4
Steven Sims,PIT,WR,41,66.06666667,43.73481487,25,69.73333333,53.56666667,364,140,,3
Giovani Bernard,TAM,RB,49.8,77.24,44.52973513,31,81.84,63.54,488,140,,5
DeSean Jackson,BAL,WR,48,66.62,40.53819525,36,69.82,57.32,373,141,,5
Anthony Schwartz,CLE,WR,19,26.1,28.31219187,22,28.1,22.6,376,142,,2
Cedrick Wilson Jr,MIA,WR,,,,27,,,388,143,,
Breshad Perriman,TAM,WR,50.6,71.22,41.99113782,29,74.42,61.02,385,144,,5
Samori Toure,GNB,WR,14,19.2,23.51051101,24,19.2,16.7,386,145,,1
Michael Burton,KAN,RB,5,7.175,1.404052098,30,7.175,5.925,499,146,,5
Kenny Golladay,NYG,WR,86.4,126.02,66.72461405,29,128.62,106.22,380,146,,5
Tom Kennedy,DET,WR,13,20.25,22.11081211,26,21.75,16.75,383,147,,2
Jameson Williams,DET,WR,14,15.1,24.104691,21,15.1,14.6,387,148,,1
Jeff Smith,NYJ,WR,13.66666667,24.76666667,22.18783384,25,27.76666667,19.26666667,396,149,,3
T.Y. Hilton,DAL,WR,82.8,124.3,64.60078492,33,127.3,103.6,398,150,,5
Jalen Virgil,DEN,WR,12,13.5,26.11676955,24,14.5,12.5,405,151,,1
David Sills,NYG,WR,11,21.6,29.26875415,26,24.6,16.1,409,152,,1
John Brown,BUF,WR,81,117.925,66.19292594,32,120.175,99.425,411,153,,4
Marcus Johnson,NYG,WR,21.6,32.38,19.26228921,28,34.78,26.88,417,154,,5
Dax Milne,WAS,WR,8,15.55,16.0513695,23,16.05,11.8,418,155,,2
Michael Bandy,LAC,WR,9,18.9,19.70326182,25,18.9,13.9,422,156,,1
Cam Sims,WAS,WR,25,39.15,23.17799519,26,40.65,32.025,429,157,,4
Brandon Johnson,DEN,WR,8,14.2,21.26544407,24,15.2,11.2,436,158,,1
Freddie Swain,2TM,WR,32.33333333,46.26666667,34.1824198,24,48.26666667,39.26666667,445,159,,3
Kevin White,NOR,WR,6.666666667,9.133333333,10.02439191,30,9.133333333,7.966666667,447,160,,3
Ty Montgomery,NWE,WR,19.8,31.92,17.61409033,29,34.52,25.92,443,161,,5
Gunner Olszewski,PIT,WR,10.66666667,14.56666667,14.24720527,26,14.9,12.56666667,444,162,,3
D'Wayne Eskridge,SEA,WR,12.5,21.05,18.18737019,25,21.05,16.8,440,163,,2
Jalen Guyton,LAC,WR,47,67.56666667,44.3533594,25,69.56666667,57.4,451,164,,3
Jake Kumerow,BUF,WR,14.5,20.95,15.25617867,30,22.45,17.825,453,165,,4
Jamison Crowder,BUF,WR,70.4,114.84,54.14899665,29,117.44,92.54,450,166,,5
Mike Strachan,IND,WR,6,8.9,18.07843011,25,8.9,7.4,454,167,,1
Deven Thompkins,TAM,WR,6,10.8,18.06945599,23,10.8,8.3,456,168,,1
Mike Thomas,CIN,WR,9.333333333,16.1,15.07257004,28,17.43333333,12.76666667,457,169,,3
Trent Taylor,CIN,WR,12.25,22.975,12.68842408,28,23.975,17.475,455,170,,4
Cody Hollister,TEN,WR,4,7.85,11.51631761,29,7.85,6.1,466,171,,2
Chris Conley,2TM,WR,54.8,83.64,45.11642657,30,86.84,69.14,463,172,,5
Andre Baccellia,ARI,WR,5,11.5,17.66846586,25,11.5,8,460,173,,1
Racey McMath,TEN,WR,4,6.4,15.66622856,23,6.4,5.4,482,174,,1
James Proche,BAL,WR,12,24.2,20.36404589,26,26.2,18.7,484,175,,2
Laquon Treadwell,SEA,WR,26,44.02,19.64123581,27,45.82,35.12,485,176,,5
Michael Woods II,CLE,WR,4,9,16.13296049,22,9,6.5,486,177,,1
Kyle Philips,TEN,WR,4,11.8,21.24050145,23,13.8,7.8,483,178,,1
Cole Beasley,2TM,WR,82,142.26,61.02335684,33,144.66,112.06,476,179,,5
Tylan Wallace,BAL,WR,3,7.3,14.88108393,23,7.3,5.3,497,180,,1
Tim Jones,JAX,WR,3,6,15.55784136,24,6,4.5,494,181,,1
Tyrie Cleveland,DEN,WR,4.5,8.55,12.43037176,25,8.55,6.55,489,182,,2
Jaelon Darden,2TM,WR,4,8.1,11.94624789,23,8.1,6.1,490,183,,2
DJ Turner,LVR,WR,3,2.6,16.62772741,25,2.6,2.6,496,184,,1
Daylen Baldwin,CLE,WR,3,4.5,16.61875328,23,4.5,3.5,487,185,,1
A.J. Derby,,,11,13.8,22.15135987,,13.8,12.3,,,,1
A.J. McCarron,,,17,16.9,25.78987086,,17.9,17.9,,,,1
Adam Humphries,,,59,103.075,50.46480225,,106.075,80.95,,,,4
Adam Shaheen,,,16,25.55,17.00996226,,27.3,20.8,,,,4
Adrian Peterson,,,108.75,121.775,98.57282397,,127.275,115.15,,,,4
Albert Wilson,,,46.66666667,78.06666667,45.82146386,,81.06666667,62.4,,,,3
Alex Armah,,,8.25,10.4,7.614724882,,10.4,9.275,,,,4
Alex Collins,,,58,66.16666667,60.72830957,,70.5,62,,,,3
Alex Erickson,,,21.75,41.05,25.34472198,,44.55,31.3,,,,4
Alex Smith,,,105,104.8,96.54813496,,116.3,111.3,,,,2
Alexander Hollins,,,5,6.6,17.97901704,,6.6,5.6,,,,1
Alfred Blue,,,77,97.3,85.78418062,,103.3,87.3,,,,1
Alfred Morris,,,49,54.4,55.90097257,,57.9,51.65,,,,2
Allen Hurns,,,47,72.55,52.96012539,,76.05,59.55,,,,2
Alshon Jeffery,,,72.33333333,110.3333333,65.20105366,,113.3333333,91.33333333,,,,3
Andre Patton,,,6,11.6,18.3530848,,11.6,8.6,,,,1
Andre Roberts,,,12,16.66666667,16.69799274,,17.66666667,14.33333333,,,,3
Andrew Luck,,,327,327.9,268.0974074,,349.9,342.4,,,,1
Andy Isabella,,,30,45.1,38.55834366,,48.1,37.6,,,,2
Andy Janovich,,,12.33333333,17.63333333,16.95372487,,18.63333333,14.96666667,,,,3
Andy Jones,,,14,25,23.29151139,,25,19.5,,,,1
Anthony McFarland Jr.,,,10.5,14.4,21.14423328,,15.9,12.4,,,,2
Anthony Miller,,,58,92.725,50.18245115,,95.475,75.225,,,,4
Anthony Sherman,,,8.666666667,12.4,11.57075016,,12.4,10.56666667,,,,3
Antoine Wesley,,,39,57.8,49.81316821,,60.8,48.3,,,,1
Antonio Brown,,,95.75,144.5,76.31620609,,146.75,120.125,,,,4
Antonio Callaway,,,49,74.6,49.73758173,,76.6,61.85,,,,2
Antonio Gandy-Golden,,,3,3.5,16.71927897,,3.5,3,,,,1
Antonio Gates,,,47,75.3,56.66989658,,79.3,61.3,,,,1
Antonio Williams,,,20,21.3,28.37755951,,21.3,20.8,,,,1
Antony Auclair,,,8,13.75,15.52214889,,13.75,10.75,,,,2
Artavis Pierce,,,9,9.4,19.74813243,,9.4,9.4,,,,1
Auden Tate,,,22.75,37.725,22.2953415,,39.475,30.1,,,,4
Austin Carr,,,15.5,21.2,21.43946627,,21.2,18.2,,,,2
Austin Mack,,,9,16.1,19.62068438,,16.1,12.6,,,,1
Austin Seferian-Jenkins,,,15,26,24.06768189,,26,20.5,,,,1
Austin Walter,,,17,19,34.06219934,,22,18,,,,1
Ben Braunecker,,,8,12.55,15.09670567,,12.55,10.3,,,,2
Ben DiNucci,,,7,7,23.98906394,,9,7,,,,1
Ben Roethlisberger,,,209.75,209.975,166.1983738,,224.225,219.1,,,,4
Ben Watson,,,34.5,60.65,40.84928975,,63.65,47.65,,,,2
Bennie Fowler,,,24.5,44.1,33.83704032,,47.1,34.35,,,,2
Benny Cunningham,,,3,3.9,15.95096998,,3.9,3.4,,,,1
Benny Snell Jr.,,,37,41.15,34.75353894,,43.15,39.025,,,,4
Bilal Powell,,,37.5,46.75,49.71962418,,51.75,42.25,,,,2
Blake Bortles,,,173,173.2,160.1409367,,194.2,184.2,,,,1
Blake Jarwin,,,42,64.6,41.42092763,,66.6,53.1,,,,3
Bo Scarbrough,,,42,43.2,55.69531482,,47.2,42.7,,,,1
Bobo Wilson,,,5,9.2,16.62550218,,9.2,7.2,,,,1
Brandon Allen,,,32.33333333,32.03333333,34.61942991,,36.36666667,34.03333333,,,,3
Brandon LaFell,,,26,37.5,41.00286324,,40.5,31.5,,,,1
Brandon Marshall,,,20,30.6,36.25428867,,33.6,25.1,,,,1
Brandon Wilds,,,2,1.5,16.04363415,,1.5,1.5,,,,1
Brandon Zylstra,,,13.5,20.875,14.97860212,,22.375,17.125,,,,4
Brett Hundley,,,6,6.1,17.99585267,,6.1,6.1,,,,1
Brian Hill,,,47.33333333,59.4,52.46987705,,64.06666667,53.4,,,,3
Brian Hoyer,,,16.5,16.7,24.62734452,,20.7,18.7,,,,2
Brian Parker,,,3,8.3,14.78055825,,8.3,5.8,,,,1
Brian Quick,,,2,4.8,15.16582535,,4.8,3.3,,,,1
Brian Robinson Jr.,,,104,112.7,101.4615849,,115.7,108.2,,,,1
Brice Butler,,,12,18,22.24179882,,18,15,,,,1
Brock Osweiler,,,68,68,71.84838075,,76,72,,,,1
Bruce Ellington,,,29,59.6,41.22930947,,62.6,44.1,,,,1
Bryan Edwards,,,50,72.7,53.1357338,,75.7,61.45,,,,2
Buddy Howell,,,7,7.7,19.43980648,,7.7,7.2,,,,1
Byron Marshall,,,4,7.9,16.42556342,,7.9,5.9,,,,1
C.J. Anderson,,,33,35.85,37.89451048,,37.35,34.6,,,,2
C.J. Beathard,,,63.5,63.65,69.56130601,,73.15,67.15,,,,2
C.J. Board,,,6.333333333,12.06666667,12.07111605,,13.06666667,9.233333333,,,,3
C.J. Prosise,,,9.666666667,15.46666667,14.29955457,,16.13333333,12.46666667,,,,3
Calvin Ridley,,,127.25,189.1,102.8623296,,192.6,158.1,,,,4
Cam Newton,,,161.25,161.675,134.0216375,,175.175,168.675,,,,4
Cameron Artis-Payne,,,14,17.4,23.32740788,,17.4,15.9,,,,1
Cameron Batson,,,11.66666667,19.1,15.9791235,,20.1,15.43333333,,,,3
Cameron Meredith,,,15,24.4,33.55035131,,28.4,19.9,,,,1
Carlos Hyde,,,83.5,95.575,75.38334197,,99.825,89.575,,,,4
Case Keenum,,,115.6666667,115.7,99.71993978,,127.7,122.7,,,,3
Cedrick Wilson Jr.,,,39.25,58.85,35.66593351,,61.1,48.975,,,,4
Cethan Carter,,,6,9.8,13.16469724,,9.8,8.05,,,,2
Chad Beebe,,,13.66666667,22.33333333,18.42700142,,23.66666667,18,,,,3
Chad Hansen,,,30,46.6,43.41283957,,49.6,38.1,,,,1
Chad Henne,,,13.5,13.5,19.91404764,,13.5,13.5,,,,2
Chad Williams,,,24,41,37.98750757,,44,32.5,,,,1
Charcandrick West,,,10,11.6,21.85986954,,11.6,10.6,,,,1
Charles Clay,,,23,42.55,34.02506407,,46.05,32.8,,,,2
Charlie Woerner,,,4.5,8.4,12.71848763,,8.4,6.4,,,,2
Charone Peake,,,3,4.5,16.61875328,,4.5,3.5,,,,1
Chester Rogers,,,43,75.93333333,44.73905339,,79.6,59.43333333,,,,3
Chris Carson,,,142.5,167.475,126.9719697,,174.475,154.975,,,,4
Chris Herndon,,,42.33333333,66.96666667,42.48281292,,69.63333333,54.63333333,,,,3
Chris Hogan,,,25,40.2,22.98143089,,41.7,32.575,,,,4
Chris Ivory,,,65,78,77.75004614,,84,71.5,,,,1
Chris Lacy,,,6,9,17.88635286,,9,7.5,,,,1
Chris Thompson,,,42,75.93333333,47.81908181,,80.93333333,58.76666667,,,,3
Christian Blake,,,8.666666667,17.9,13.83371512,,18.9,13.23333333,,,,3
Clive Walford,,,6,10.1,17.59374993,,10.1,8.1,,,,1
Codey McElroy,,,3,4,15.75889273,,4,3.5,,,,1
Cody Core,,,13.5,21.4,23.07064204,,22.9,17.4,,,,2
Cody Kessler,,,39,38.7,64.73410039,,49.7,40.7,,,,1
Cody Latimer,,,33.5,51,41.21570345,,54,42.25,,,,2
Colin Thompson,,,7,7.7,19.43980648,,7.7,7.2,,,,1
Collin Johnson,,,26,40.35,35.98411762,,43.35,33.1,,,,2
Corey Coleman,,,8,12.6,20.00595149,,12.6,10.1,,,,1
Corey Grant,,,11,19.7,21.740283,,19.7,15.2,,,,1
Cyril Grayson,,,35,44.6,47.99737187,,47.6,39.6,,,,1
D.J. Montgomery,,,4,6.6,17.10232085,,6.6,5.1,,,,1
DaeSean Hamilton,,,37,64.1,39.52756182,,67.43333333,50.6,,,,3
Dalyn Dawkins,,,3,2.6,16.62772741,,2.6,2.6,,,,1
Da'Mari Scott,,,3,4.7,16.23459879,,4.7,3.7,,,,1
Damien Williams,,,77.33333333,100.1333333,80.18637906,,106.8,88.63333333,,,,3
Damion Ratley,,,15.33333333,25.23333333,20.84690083,,27.23333333,20.4,,,,3
Damion Willis,,,8,17.2,18.45138526,,17.2,12.7,,,,1
Daniel Brown,,,6.333333333,10.06666667,9.759685661,,10.06666667,8.233333333,,,,3
Danny Amendola,,,63,110.8,52.78547055,,113.8,86.925,,,,4
Danny Vitale,,,10,17,20.58893213,,17,13.5,,,,1
Darius Jackson,,,2,1.6,15.8515569,,1.6,1.6,,,,1
Darius Jennings,,,9.5,15.9,20.11674856,,17.4,12.65,,,,2
Darrell Daniels,,,15,23.2,23.98510445,,23.2,19.2,,,,1
Darren Fells,,,41.25,58.825,37.0122835,,61.075,50.075,,,,4
Darren Sproles,,,28.5,39,38.03853074,,42,33.75,,,,2
Darwin Thompson,,,24.5,32.65,32.38456532,,34.65,28.65,,,,2
David Fluellen,,,2,1.6,15.8515569,,1.6,1.6,,,,1
David Grinnage,,,6,12.1,17.39269856,,12.1,9.1,,,,1
David Moore,,,67.33333333,93.13333333,63.7481578,,96.46666667,80.13333333,,,,3
David Morgan,,,4,8.6,16.90126948,,8.6,6.1,,,,1
David Williams,,,4,3.6,17.40389791,,3.6,3.6,,,,1
DeAndre Washington,,,36,50.13333333,39.99419948,,53.46666667,43.13333333,,,,3
DeAndrew White,,,5,9.1,16.81757943,,9.1,7.1,,,,1
De'Anthony Thomas,,,10,12.5,21.95142111,,12.5,11,,,,1
Dede Westbrook,,,70.66666667,117.6666667,62.77196,,120.3333333,94,,,,3
De'Lance Turner,,,2,4.1,14.6901193,,4.1,3.1,,,,1
Delanie Walker,,,19.5,31.85,27.37133809,,33.35,25.6,,,,2
Demaryius Thomas,,,73.5,121,69.24675294,,124,97.25,,,,2
Demetric Felton,,,33,50.5,45.83290263,,53.5,41.5,,,,1
Demetrius Harris,,,24.66666667,35.93333333,28.49984778,,37.93333333,30.26666667,,,,3
DeMichael Harris,,,13,22.5,23.57625281,,22.5,17.5,,,,1
Deon Cain,,,12,21.4,28.70935804,,24.4,16.9,,,,1
Deon Yelder,,,4.5,9.3,12.8100392,,9.3,6.8,,,,2
Deontay Burnett,,,9.5,15.55,19.87889554,,17.05,12.55,,,,2
Deonte Harty,,,38.33333333,58.76666667,41.00188207,,61.76666667,48.43333333,,,,3
Deonte Thompson,,,16,33.1,31.58606631,,36.1,24.6,,,,1
Derek Anderson,,,7,6.5,27.97484816,,15.5,10.5,,,,1
Derek Carrier,,,16.5,26.1,25.77433392,,27.6,21.1,,,,2
D'Ernest Johnson,,,37.33333333,46.76666667,40.72474518,,49.76666667,42.1,,,,3
Derrick Coleman,,,2,4,14.88219654,,4,3,,,,1
Derrick Gore,,,48,56.1,64.8656988,,62.1,52.1,,,,1
Derrick Willies,,,6,9.1,17.69427562,,9.1,7.6,,,,1
Derrius Guice,,,50,57.4,58.40488847,,60.4,53.9,,,,1
DeShone Kizer,,,5,5.4,16.89990854,,8.4,7.4,,,,1
Detrez Newsome,,,7,8.8,19.14720355,,8.8,7.8,,,,1
Devin Asiasi,,,10,11.9,21.2836378,,11.9,10.9,,,,1
Devin Funchess,,,41,64.55,42.56906684,,66.05,52.8,,,,2
Devin Smith,,,17,22.3,33.18439054,,25.3,19.8,,,,1
Devine Ozigbo,,,4.5,10.65,12.03724314,,10.65,7.65,,,,2
Devlin Hodges,,,51,51.3,53.56520319,,63.3,59.3,,,,1
Devonta Freeman,,,72.5,98.575,65.89316856,,102.825,85.45,,,,4
Devontae Booker,,,57.5,82.55,53.77103559,,86.55,69.925,,,,4
Dez Bryant,,,17,22.7,26.69888307,,22.7,19.7,,,,1
Dez Fitzpatrick,,,11,15.9,21.75823125,,15.9,13.4,,,,1
Dezmon Patmon,,,8,10.1,19.3471423,,10.1,9.1,,,,1
Dion Lewis,,,60.33333333,94.73333333,67.01497128,,102.0666667,77.56666667,,,,3
Diontae Spencer,,,6.5,10.6,16.05303842,,11.1,8.35,,,,2
Dominique Dafney,,,6,8,13.89171751,,8,7,,,,2
Donte Moncrief,,,42.5,68.3,45.21844237,,70.3,55.3,,,,2
Dontrelle Inman,,,23,38.2,32.9330729,,41.2,30.7,,,,2
Doug Baldwin,,,92,141.8,87.83390854,,144.8,116.8,,,,1
Doug Martin,,,102,119.9,113.6952488,,128.9,110.9,,,,1
Drew Brees,,,246,246.4333333,200.4628103,,255.4333333,251.2666667,,,,3
Drew Lock,,,100,100.4,89.51339272,,112.7333333,106.9,,,,3
Drew Sample,,,16.66666667,35.33333333,19.75025607,,36.66666667,26,,,,3
Duke Johnson,,,76.5,107.375,72.36609631,,113.375,92,,,,4
Duke Williams,,,23,34.6,38.48227449,,37.6,28.6,,,,1
Dwayne Allen,,,3,5.7,16.1340731,,5.7,4.2,,,,1
Dwayne Harris,,,11,17.2,21.08147382,,17.2,14.2,,,,1
Dwayne Haskins,,,72.5,72.45,75.4954354,,86.45,79.45,,,,2
Ed Dickson,,,33,45.2,45.09151601,,48.2,39.2,,,,1
Eli Manning,,,147,147.2,127.9432102,,160.7,155.2,,,,2
Eli Rogers,,,10,21.5,21.04668994,,21.5,15.5,,,,1
Elijah McGuire,,,67,85.9,83.9162738,,93.9,76.4,,,,1
Elijhaa Penny,,,11,15.925,9.879790512,,15.925,13.3,,,,4
Emmanuel Sanders,,,111.25,171.25,89.10029622,,174.25,141.25,,,,4
Eric Ebron,,,79.75,120.75,66.38785471,,123.5,100.125,,,,4
Erik Swoope,,,27,34.7,34.25953671,,34.7,30.7,,,,1
Frank Gore,,,85.66666667,99.23333333,84.05065338,,104.5666667,92.4,,,,3
Fred Brown,,,2,4.1,14.6901193,,4.1,3.1,,,,1
Gabe Nabers,,,15,20.2,24.28668151,,20.2,17.7,,,,1
Garrett Celek,,,21,26,29.32785901,,26,23.5,,,,1
Garrett Gilbert,,,8.333333333,7.966666667,12.13695164,,8.3,8.3,,,,3
Garrett Griffin,,,4,7.9,16.42556342,,7.9,5.9,,,,1
Gehrig Dieter,,,2,3.2,14.59856773,,3.2,2.7,,,,1
Geremy Davis,,,4,6.8,16.71816636,,6.8,5.3,,,,1
Geronimo Allison,,,41.5,68.85,47.05404396,,72.35,55.35,,,,2
Godwin Igwebuike,,,20,26.8,41.29720043,,31.8,23.3,,,,1
Golden Tate,,,88,140.5333333,76.98027838,,143.8666667,114.2,,,,3
Greg Olsen,,,51.66666667,85.9,49.72086806,,88.9,68.73333333,,,,3
Greg Ward,,,46.66666667,75.86666667,43.89418797,,77.86666667,61.2,,,,3
Hale Hentges,,,16,24.3,32.10664298,,27.3,20.3,,,,1
Henry Ruggs III,,,59.5,84.3,63.5388301,,88.3,71.8,,,,2
Hunter Bryant,,,4,5.4,15.76675424,,5.4,4.9,,,,1
Ihmir Smith-Marsette,,,24,28.6,39.96212478,,31.6,26.1,,,,1
Irv Smith Jr.,,,47.33333333,77.6,46.69553955,,80.6,62.43333333,,,,3
Isaiah Crowell,,,120,140.7,120.21145,,146.7,130.2,,,,1
Isaiah Ford,,,27.33333333,48.06666667,32.49452375,,51.06666667,37.56666667,,,,3
Isaiah Wright,,,19,46.3,35.03764822,,50.3,32.8,,,,1
Isaiah Zuber,,,5,7,17.21070805,,7,6,,,,1
Ishmael Hyman,,,3,5.4,14.89005805,,5.4,4.4,,,,1
Ito Smith,,,35.5,49.425,34.61855851,,52.425,42.55,,,,4
J.J. Taylor,,,13,15.45,24.39565032,,17.45,14.2,,,,2
J.P. Holtz,,,9,16.1,19.62068438,,16.1,12.6,,,,1
Jace Sternberger,,,17,29.4,32.2886335,,32.4,23.4,,,,1
Jack Doyle,,,48.75,78.9,45.02859715,,82.4,63.775,,,,4
Jacob Hollister,,,27.75,47.375,24.80759212,,48.875,37.5,,,,4
Jacquizz Rodgers,,,45,83,62.22597574,,90,64,,,,1
Jaeden Graham,,,12,17.7,22.49159216,,19.2,14.7,,,,2
Jake Butt,,,9,16.5,20.67262218,,16.5,12.5,,,,1
Jake Fromm,,,11,10.9,21.38930596,,14.9,13.9,,,,1
Jake Luton,,,28,28.3,35.45682354,,37.3,34.3,,,,1
Jakeem Grant,,,39.5,61.25,39.76765197,,65.25,50.375,,,,4
Jakob Johnson,,,7,12.9,14.45786252,,12.9,9.9,,,,2
Jalen Richard,,,44.75,78.425,45.29277858,,83.425,61.55,,,,4
Jalen Tolliver,,,4,6.7,16.9102436,,6.7,5.2,,,,1
Ja'Marcus Bradley,,,6,10.7,13.2562488,,10.7,8.45,,,,2
James Develin,,,31,42.9,36.57796148,,42.9,36.9,,,,1
James O'Shaughnessy,,,25,47.825,25.30105263,,50.825,36.575,,,,4
James Washington,,,57.25,85.55,51.36592317,,88.8,71.3,,,,4
James White,,,101.25,156.15,86.43013996,,160.9,128.65,,,,4
JaQuan Hardy,,,9,8.9,20.70851867,,8.9,8.9,,,,1
Jared Cook,,,106.25,155.225,87.00136601,,158.475,130.725,,,,4
Jarius Wright,,,42,77.25,47.74012437,,80.75,59.5,,,,2
Jaron Brown,,,39.5,54.3,47.76443605,,57.8,46.8,,,,2
Jason Cabinda,,,10,13.9,21.08258643,,13.9,11.9,,,,1
Jason Croom,,,20,31.6,29.89223767,,34.1,25.85,,,,2
Jason Huntley,,,5,5.1,17.21968217,,5.1,5.1,,,,1
Jason Moore,,,5,7.45,13.16132279,,7.45,6.2,,,,2
Jason Witten,,,48,85.9,48.08899466,,87.9,66.9,,,,2
Javon Wims,,,13,22.26666667,17.13309488,,23.26666667,17.6,,,,3
Javorius Allen,,,35,52.55,44.45028485,,56.05,43.55,,,,2
Jawill Davis,,,4,8,16.23348618,,8,6,,,,1
Jay Ajayi,,,20.5,23.2,29.73673596,,25.2,21.95,,,,2
Jaydon Mickens,,,6,12.8,17.86840462,,12.8,9.3,,,,1
Jaylen Samuels,,,42.66666667,70.1,46.02883059,,74.76666667,56.76666667,,,,3
Jeff Heuerman,,,28.5,51.25,36.3520294,,54.25,40,,,,2
Jeremy Hill,,,3,4.1,15.56681548,,4.1,3.6,,,,1
Jeremy Langford,,,3,2.5,16.81980465,,2.5,2.5,,,,1
Jeremy McNichols,,,39,58.75,49.48224275,,63.25,48.75,,,,2
Jeremy Sprinkle,,,20,35.6,26.97765317,,37.1,27.85,,,,2
Jermaine Gresham,,,7,16.4,19.80354202,,17.4,11.9,,,,1
Jermaine Kearse,,,43,80.1,50.53215614,,83.1,61.6,,,,1
Jermar Jefferson,,,22,25.7,30.78078694,,25.7,23.7,,,,1
Jesper Horsted,,,13.5,18.4,20.85973734,,18.9,15.9,,,,2
Jesse James,,,26.25,43.15,25.30106231,,45.4,34.775,,,,4
Jimmy Graham,,,67.5,106.4,57.90101513,,109.4,86.775,,,,4
JJ Arcega-Whiteside,,,14.66666667,19.66666667,19.34102111,,20.66666667,17,,,,3
JJ Nelson,,,8,13.5,15.09221861,,13.5,10.75,,,,2
Joe Reed,,,9,8.9,20.70851867,,8.9,8.9,,,,1
John Hightower,,,19,28.8,35.19448935,,31.8,23.8,,,,1
John Kelly,,,10,12.1,20.89948331,,12.1,11.1,,,,1
John Phillips,,,4,6.8,16.71816636,,6.8,5.3,,,,1
John Ross,,,53.66666667,73.63333333,53.42351964,,76.96666667,63.63333333,,,,3
Johnny Holton,,,3,6,15.55784136,,6,4.5,,,,1
Johnny Stanton,,,7,9.2,14.28373351,,9.2,8.2,,,,2
Jon Hilliman,,,5,8.2,21.75099138,,10.2,6.7,,,,1
Jonathan Stewart,,,2,1.7,15.65947966,,1.7,1.7,,,,1
Jordan Howard,,,88,96.15,77.07673397,,99.4,92.025,,,,4
Jordan Leggett,,,17,31.4,32.08758212,,34.4,24.4,,,,1
Jordan Matthews,,,22.5,34.65,29.17388069,,36.15,28.65,,,,2
Jordan Reed,,,56.5,96.45,58.15807656,,99.95,76.45,,,,2
Jordan Thomas,,,26,36.4,32.5214591,,37.9,31.15,,,,2
Jordy Nelson,,,94,156.7,88.27149288,,159.7,125.2,,,,1
Josh Adams,,,53,59.25,59.19324476,,62.75,56,,,,2
Josh Bellamy,,,11,18.85,21.22625441,,20.35,14.85,,,,2
Josh Doctson,,,65,109.2,66.71215013,,112.2,87.2,,,,1
Josh Gordon,,,51.33333333,75.53333333,47.64294146,,77.86666667,63.7,,,,3
Josh Hill,,,25.66666667,41.56666667,29.4776731,,43.56666667,33.4,,,,3
Josh Johnson,,,48,47.95,54.71010101,,55.45,50.95,,,,2
Josh McCown,,,21,20.8,33.24003992,,27.8,24.8,,,,1
Josh Rosen,,,65.5,65.45,67.24221233,,81.95,74.95,,,,2
Joshua Perkins,,,11,17.7,17.84617333,,17.7,14.2,,,,2
Julian Edelman,,,108,173.3,92.94401864,,177.6333333,140.8,,,,3
Justin Davis,,,2,1.9,15.27532516,,1.9,1.9,,,,1
Justin Hardy,,,22.5,38.9,32.97043087,,41.9,30.65,,,,2
Justin Hunter,,,2,5.1,14.58959361,,5.1,3.6,,,,1
Juwann Winfree,,,4,11.8,18.72801969,,12.8,7.8,,,,1
K.J. Hill,,,4,9.15,13.00592446,,9.65,6.65,,,,2
Kaden Smith,,,28,52.5,36.24308589,,55.5,40.25,,,,2
Kahale Warring,,,4,6.5,17.2943981,,6.5,5,,,,1
Kalen Ballage,,,34,47.45,34.53972842,,50.7,40.7,,,,4
Kamar Aiken,,,5,11.3,16.23237356,,11.3,8.3,,,,1
Kapri Bibbs,,,46,61.8,63.08538406,,67.8,53.8,,,,1
Keelan Doss,,,13,24.3,29.47655442,,27.3,18.8,,,,1
KeeSean Johnson,,,21,39.15,32.43143435,,42.65,30.15,,,,2
Keith Ford,,,10,13,20.99103487,,13,11.5,,,,1
Keith Kirkwood,,,33,45.9,45.56722207,,48.9,39.4,,,,1
Keith Smith,,,6,12.8,9.678082537,,12.8,9.3,,,,3
Keke Coutee,,,40,67.5,44.81374396,,71.83333333,53.66666667,,,,3
Kelvin Benjamin,,,44,69,52.70671211,,72,56.5,,,,1
Kelvin Harmon,,,37,66.9,46.96296742,,69.9,51.9,,,,1
Kenjon Barner,,,8,11.75,16.06931774,,12.25,10,,,,2
Kenneth Dixon,,,48,54.4,59.46555491,,58.4,51.4,,,,1
Kenny Stills,,,52.5,76.2,44.90095097,,78.45,64.45,,,,4
Kenny Yeboah,,,4,5.6,17.20284654,,5.6,4.6,,,,1
Kerrith Whyte Jr,,,13,14.1,30.86596577,,17.1,13.6,,,,1
Kerryon Johnson,,,78.33333333,98.73333333,81.55590598,,105.7333333,88.56666667,,,,3
Khari Blasingame,,,4.5,8.65,12.23829451,,8.65,6.65,,,,2
Kristian Wilkerson,,,16,20.2,25.1633777,,20.2,18.2,,,,1
Kylin Hill,,,3,3.9,15.95096998,,3.9,3.4,,,,1
Lamar Miller,,,148,172.6,144.2466803,,179.6,160.1,,,,1
La'Mical Perine,,,42,52.5,53.52211694,,55.5,47,,,,1
Lance Kendricks,,,14,25,22.96507299,,26.5,19.5,,,,2
Larry Fitzgerald,,,88.66666667,154.6666667,75.90127991,,158,121.6666667,,,,3
Laviska Shenault Jr.,,,69.66666667,118.9333333,62.95751998,,122.2666667,94.26666667,,,,3
Lee Smith,,,15.75,22.35,13.07967668,,22.35,18.975,,,,4
LeGarrette Blount,,,77,86.5,83.30109194,,90.5,81.5,,,,1
Leonte Carroo,,,17,18.8,26.90890856,,18.8,17.8,,,,1
LeSean McCoy,,,65.66666667,91.33333333,67.9663518,,97,78.5,,,,3
Le'Veon Bell,,,80.33333333,109.2333333,78.36968353,,114.5666667,94.73333333,,,,3
Levine Toilolo,,,18.5,31.45,26.3528275,,32.95,24.95,,,,2
Lil'Jordan Humphrey,,,24,31.75,31.50854818,,33.25,27.75,,,,2
Logan Paulsen,,,15,24.1,24.07665602,,24.1,19.6,,,,1
Luke Falk,,,9,8.6,27.95064198,,15.6,11.6,,,,1
Luke Stocker,,,13.33333333,23.36666667,17.132724,,24.36666667,18.36666667,,,,3
Luke Willson,,,8.5,18.8,15.36182993,,18.8,13.55,,,,2
Lynn Bowden Jr.,,,26,53.6,39.20237502,,56.6,39.6,,,,1
Malcolm Perry,,,16,24.7,25.62113551,,24.7,20.2,,,,1
Malik Taylor,,,14,18.5,24.85505174,,18.5,16,,,,1
Malik Turner,,,22,31.46666667,26.85370558,,33.46666667,26.63333333,,,,3
Marcell Ateman,,,15.5,25.5,29.25481794,,29,20.5,,,,2
Marcus Murphy,,,28,38.6,42.46365268,,41.6,33.1,,,,1
Mark Walton,,,17.5,27.25,27.51862943,,29.25,22.25,,,,2
Marqise Lee,,,2,4.9,14.97374811,,4.9,3.4,,,,1
Marshawn Lynch,,,36.5,44.2,40.39659467,,45.7,40.45,,,,2
Martavis Bryant,,,27,45.9,42.81952671,,49.9,36.4,,,,1
Marvin Hall,,,32,43.66666667,36.54268649,,46.66666667,37.83333333,,,,3
Mason Rudolph,,,48.33333333,48.53333333,43.36025807,,54.2,52.2,,,,3
Matt Barkley,,,10.66666667,10.8,15.20959376,,13.46666667,12.13333333,,,,3
Matt Cassel,,,2,1.7,14.53146783,,2.7,2.7,,,,1
Matt LaCosse,,,25,43.55,34.42168988,,46.55,34.3,,,,2
Matt Lengel,,,8,10.7,20.01492561,,10.7,9.2,,,,1
Matt Moore,,,42,42.3,53.0912815,,45.3,42.3,,,,1
Matt Schaub,,,33,32.9,48.25852592,,37.9,33.9,,,,1
Maurice Harris,,,31,59.4,41.54660955,,62.4,45.4,,,,1
Maxx Williams,,,22,35.95,24.09223743,,38.95,29.075,,,,4
Michael Crabtree,,,40.5,69.45,41.82016756,,70.95,54.95,,,,2
Michael Floyd,,,18,28,34.03416436,,31,23,,,,1
Michael Pittman Jr.,,,109.3333333,184.6666667,91.61064614,,188,146.8333333,,,,3
Michael Roberts,,,28,37,41.89639506,,40,32.5,,,,1
Mike Davis,,,87.5,123.35,79.64818353,,128.85,105.35,,,,4
Mike Gillislee,,,3,4.2,17.88721999,,5.2,3.7,,,,1
Mike Glennon,,,26.75,26.675,25.45944358,,33.425,30.425,,,,4
Miles Boykin,,,44.5,60.2,50.48059924,,63.2,52.2,,,,2
Mohamed Sanu,,,56.5,95.8,49.22295106,,99.05,76.175,,,,4
Nate Sudfeld,,,5,4.7,17.98799116,,4.7,4.7,,,,1
Neal Sterling,,,5,10.7,17.38483705,,10.7,7.7,,,,1
Nick Bawden,,,2,5.7,15.25737692,,5.7,3.7,,,,1
Nick Bellore,,,5,7.9,13.20709857,,7.9,6.4,,,,2
Nick Boyle,,,29.33333333,52.23333333,32.9189357,,55.23333333,40.9,,,,3
Nick Foles,,,58.5,58.725,50.89181035,,65.475,62.1,,,,4
Nick Keizer,,,4,10.3,17.96868482,,11.3,7.3,,,,1
Nick O'Leary,,,16,26.25,25.04786995,,27.75,21,,,,2
Nick Williams,,,2,3.7,15.45842829,,3.7,2.7,,,,1
Niles Paul,,,10,19.5,21.24774131,,19.5,14.5,,,,1
Odell Beckham Jr.,,,107.25,161.875,87.56464981,,165.375,134.625,,,,4
Olabisi Johnson,,,34.5,56.95,41.58528415,,59.95,45.7,,,,2
Orson Charles,,,2,5.3,14.20543911,,5.3,3.8,,,,1
Patrick DiMarco,,,6,9.95,13.78670476,,9.95,7.95,,,,2
Patrick Laird,,,28.5,45.1,38.49954026,,48.6,36.85,,,,2
Paul Perkins,,,4,4.8,16.91921773,,4.8,4.3,,,,1
Paul Richardson,,,38,61.8,44.43920825,,64.8,49.8,,,,2
Penny Hart,,,6,12.9,17.67632737,,12.9,9.4,,,,1
Peyton Barber,,,80.5,92.925,73.2926835,,97.175,86.675,,,,4
Pharoh Cooper,,,14,25.13333333,17.964317,,26.13333333,19.46666667,,,,3
Philip Rivers,,,253.6666667,253.5,198.1060428,,272.5,267.8333333,,,,3
Pierre Garcon,,,35,58.6,46.59001228,,61.6,46.6,,,,1
Preston Williams,,,41.33333333,59.8,41.79243136,,62.13333333,50.46666667,,,,3
Qadree Ollison,,,23,25.2,32.63754845,,27.2,23.95,,,,2
Quincy Enunwa,,,49,86.9,57.98528972,,90.9,67.9,,,,1
Quintez Cephus,,,40.5,58.15,46.36078109,,61.15,49.4,,,,2
Rashad Greene,,,4,10,18.54491656,,11,7,,,,1
Rashard Davis,,,2,2.6,15.75103122,,2.6,2.1,,,,1
Rashard Higgins,,,52.25,78.025,45.90004287,,80.525,65.025,,,,4
Reggie Bonnafon,,,19,23,27.54960529,,24.5,21,,,,2
Rhett Ellison,,,29,50.45,37.41687208,,53.45,39.7,,,,2
Richard Rodgers,,,47,70.5,56.09613554,,73.5,58.5,,,,1
Ricky Seals-Jones,,,41.33333333,67.43333333,42.99149302,,70.76666667,54.43333333,,,,3
Rico Gafford,,,13,14.6,24.18838105,,14.6,13.6,,,,1
Rico Gathers,,,5,7.5,18.0705686,,7.5,6,,,,1
Riley Ridley,,,5.5,10.4,13.39413245,,10.4,7.9,,,,2
Rishard Matthews,,,2,7.4,13.8123105,,7.4,4.9,,,,1
Rob Gronkowski,,,101.3333333,150.5666667,86.99352934,,153.9,126.0666667,,,,3
Robert Davis,,,2,3.7,15.45842829,,3.7,2.7,,,,1
Robert Foster,,,28.33333333,39.03333333,28.7082644,,40.03333333,33.7,,,,3
Robert Griffin III,,,16,16,23.69361129,,18,18,,,,1
Roc Thomas,,,5,7.1,17.0186308,,7.1,6.1,,,,1
Rod Smith,,,25,33.7,40.1441153,,36.7,29.2,,,,1
Rodney Smith,,,16.5,23.15,25.97987235,,24.65,19.65,,,,2
Roosevelt Nix,,,4,8.2,15.84933168,,8.2,6.2,,,,1
Ross Travis,,,3,7.1,17.77772018,,8.1,5.1,,,,1
Russell Shepard,,,17,23.15,26.41822044,,24.65,19.9,,,,2
Ryan Finley,,,22,21.95,31.88895716,,26.95,23.95,,,,2
Ryan Fitzpatrick,,,186.6666667,187,155.3714788,,205,197.8333333,,,,3
Ryan Grant,,,39,74.4,47.05229376,,77.4,56.9,,,,1
Ryan Hewitt,,,6,7.1,17.89532699,,7.1,6.6,,,,1
Ryan Izzo,,,17.5,27.15,30.56930592,,30.65,22.4,,,,2
Ryan Nall,,,13,20.7,23.39314969,,20.7,16.7,,,,1
Ryan Switzer,,,18,40.05,24.86793383,,41.55,29.05,,,,2
Ryquell Armstead,,,23.5,31.9,34.55080685,,34.9,27.65,,,,2
Sam Bradford,,,13,12.7,32.24771667,,21.7,16.7,,,,1
Scott Simonson,,,15,23.6,25.03704225,,23.6,19.1,,,,1
Sean Culkin,,,2,3.4,14.21441324,,3.4,2.9,,,,1
Sean Mannion,,,13,13,23.62112343,,13,13,,,,1
Sean McKeon,,,9,12.7,20.69057043,,12.7,10.7,,,,1
Seth Devalve,,,13.5,22.2,22.44414746,,23.7,17.95,,,,2
Seth Roberts,,,50.5,83.5,52.85245385,,86.5,67,,,,2
Shaun Wilson,,,3,6.4,14.78953237,,6.4,4.9,,,,1
Shelton Gibson,,,5,5.8,17.69538823,,5.8,5.3,,,,1
Spencer Ware,,,33,45.65,41.04213075,,48.65,39.4,,,,2
Stanley Morgan Jr.,,,2,4.8,15.16582535,,4.8,3.3,,,,1
Stephen Anderson,,,17,28.55,29.82612906,,31.55,22.55,,,,2
Stephen Carlson,,,7,10.1,14.37528508,,10.1,8.6,,,,2
Stevan Ridley,,,12,14.8,27.95249388,,16.8,13.3,,,,1
Steven Mitchell,,,5,8.35,13.25287435,,8.35,6.6,,,,2
T.J. Jones,,,20.5,31.4,28.2022585,,32.9,25.9,,,,2
T.J. Logan,,,3,7.6,11.11981454,,7.6,5.35,,,,2
T.J. Yeldon,,,50,73,51.04945225,,76.66666667,61.5,,,,3
Taiwan Jones,,,5,5.9,17.50331098,,5.9,5.4,,,,1
Tajae Sharpe,,,41.66666667,67.03333333,42.60779122,,70.03333333,54.36666667,,,,3
Taquan Mizzell,,,15,23.4,23.60094996,,23.4,19.4,,,,1
Tarik Cohen,,,86.66666667,138.4333333,80.39194835,,143.4333333,112.4333333,,,,3
Tavon Austin,,,31,46.1,36.07684704,,49.43333333,38.6,,,,3
Taylor Gabriel,,,73,121.1,69.87256848,,124.6,97.1,,,,2
Taywan Taylor,,,51,87.6,60.21438815,,91.6,69.1,,,,1
Ted Ginn Jr.,,,32,48.46666667,34.74922472,,50.8,40.13333333,,,,3
Terrace Marshall Jr.,,,35.5,57.9,42.45749327,,60.9,46.65,,,,2
Terrance Williams,,,2,3.8,15.26635104,,3.8,2.8,,,,1
Terrelle Pryor,,,37,53.1,47.98617253,,56.1,45.1,,,,1
Terry Godwin,,,4,6.5,17.2943981,,6.5,5,,,,1
Tevin Jones,,,6,10.1,17.59374993,,10.1,8.1,,,,1
Theo Riddick,,,31,63.6,38.48543806,,66.6,47.1,,,,2
Tim Boyle,,,24,24.3,32.35214154,,33.3,30.3,,,,1
Tim Patrick,,,68,103.9,58.30867448,,107.15,86.025,,,,4
Todd Gurley,,,213,251.5666667,183.9506091,,258.5666667,232.4,,,,3
Tommy Bohanon,,,4,10.1,15.84035756,,10.1,7.1,,,,1
Tommy Sweeney,,,10.5,19.4,19.73148146,,20.9,15.15,,,,2
Tommylee Lewis,,,11,14,24.27968713,,15,12.5,,,,1
Torrey Smith,,,33,50,44.97304208,,53,41.5,,,,1
Tra Carson,,,7,10.6,19.33030667,,10.6,8.6,,,,1
Travaris Cadet,,,2,3.2,14.59856773,,3.2,2.7,,,,1
Travis Benjamin,,,16,24.85,25.00658123,,26.35,20.35,,,,2
Travis Fulgham,,,78,115.9,77.9817525,,118.9,96.9,,,,1
Tre Madden,,,4,5.8,16.81869204,,5.8,4.8,,,,1
Trenton Cannon,,,18.5,28.3,30.71124306,,31.3,23.3,,,,2
Trevor Davis,,,20,28.4,40.04421126,,33.4,24.4,,,,1
Trey Burton,,,52,84.26666667,47.83488041,,86.6,68.26666667,,,,3
Trey Edmunds,,,14,20,23.79413982,,20,17,,,,1
Trey Quinn,,,20,37.15,28.89719029,,39.15,28.4,,,,2
Trey Sermon,,,25,28.3,39.59480592,,31.3,26.8,,,,1
Trinity Benson,,,10,20.3,27.2485686,,23.3,15.3,,,,1
Troy Fumagalli,,,12,18.9,18.23818934,,18.9,15.4,,,,2
Troymaine Pope,,,9.5,14.6,17.37090084,,15.1,12.1,,,,2
Tyler Eifert,,,45,76.13333333,45.04005236,,79.13333333,60.46666667,,,,3
Tyler Ervin,,,7,12.23333333,10.4297186,,12.23333333,9.566666667,,,,3
Tyler Johnson,,,32.5,56.45,39.88215462,,59.45,44.45,,,,2
Tyree Jackson,,,8,11.2,19.05453937,,11.2,9.7,,,,1
Tyrell Williams,,,99,140.45,89.73829347,,143.45,119.7,,,,2
Tyron Johnson,,,60,79.5,66.5884548,,82.5,69.5,,,,1
Tyrone Swoopes,,,2,3.3,14.40649049,,3.3,2.8,,,,1
Ty'Son Williams,,,33,41.9,45.96932481,,44.9,37.4,,,,1
Vance McDonald,,,46.33333333,80.46666667,44.09838146,,82.8,63.3,,,,3
Velus Jones Jr.,,,27,34,56.39616648,,43,30.5,,,,1
Ventell Bryant,,,8,8.5,20.60013148,,8.5,8,,,,1
Vernon Davis,,,34.5,52,41.99187395,,55,43.25,,,,2
Victor Bolden,,,1,2,14.20655173,,2,1.5,,,,1
Virgil Green,,,17.33333333,27.6,20.3959747,,28.6,22.43333333,,,,3
Vyncint Smith,,,23.5,34.4,31.78701088,,36.4,28.9,,,,2
Wayne Gallman,,,49.25,60.7,51.42928472,,65.7,54.825,,,,4
Wendell Smallwood,,,36.33333333,49.86666667,38.28615578,,52.2,43.03333333,,,,3
Wes Hills,,,14,16.2,23.81208806,,16.2,15.2,,,,1
Will Fuller,,,75,109.45,61.73919783,,111.7,92.2,,,,4
Willie Snead,,,50.25,82.875,42.39389411,,85.125,66.625,,,,4
Xavier Grimble,,,7,12.6,21.64173706,,13.6,9.6,,,,1
Zach Line,,,12,17.05,19.06124823,,17.05,14.3,,,,2
Zach Zenner,,,50,57.1,58.98112021,,60.1,53.6,,,,1
